ID,predicted_dt,predicted_svm,predicted_rf,predicted_xgb,predicted_lr
3018,899.9833374,860.2943265,959.3741834,928.4058228,936.9304243
3019,899.9833374,793.4733458,957.3541287,943.3764648,923.2167624
3020,1085.249996,837.4099489,979.1717111,947.4477539,981.0805877
3021,899.9833374,860.017657,957.4532137,941.3275146,1011.504
3022,991.9428623,839.0955226,892.5355593,916.4046631,976.5749399
3023,899.9833374,783.6189391,896.7388755,933.3585815,905.7863689
3024,875.7833354,784.7070088,902.9532595,888.8411865,907.5123533
3042,964.9799806,960.1099434,989.4986388,1045.593872,977.130791
3043,899.9833374,790.4214308,990.8547436,918.3002319,975.0430217
3044,950.5181774,786.8727034,934.6113799,864.6340332,1001.035245
3045,914.6466634,849.0287462,842.9222784,869.7576904,982.9266471
3046,899.9833374,894.0461172,860.056245,898.0591431,1005.549998
3047,856.8374939,884.1288485,856.9560194,880.0222778,972.2662009
3048,856.8374939,969.9201934,859.9155263,872.6028442,962.1876166
3049,929.6166585,839.87359,877.6408241,859.2980957,887.7451274
3050,778.0200073,745.8141271,784.9160981,739.2612915,802.7885243
3051,778.0200073,805.9832773,804.3547515,795.3721313,847.9556106
3052,778.0200073,744.5130659,904.6169349,878.0836182,869.2732997
3053,875.7833354,791.4221978,862.1067636,884.3314209,862.5277816
3072,1010.50001,957.4309882,1020.045967,1049.437744,975.7538532
3073,964.9799806,1019.899619,1037.624955,1030.888794,991.8178934
3074,914.6466634,935.2997991,1002.975465,1006.714966,1003.54774
3075,960.3999939,830.8397905,961.0676887,905.4486694,1018.316635
3076,899.9833374,902.7678395,885.8288316,848.3813477,971.0528156
3077,914.6466634,875.5108371,892.1193289,881.2659912,959.5616123
3078,960.3999939,949.0228773,940.069463,918.6967163,1002.982341
3079,960.3999939,962.4485778,910.6499912,911.1348877,974.8043609
3080,856.8374939,888.844495,887.3452933,890.8016968,927.054681
3081,778.0200073,915.7001047,820.0558683,784.0776978,857.067812
3082,778.0200073,886.5145389,785.706517,782.1398315,803.6212076
3083,778.0200073,925.5123449,817.3774522,844.1414185,840.227409
3084,933.4750137,877.938984,878.5831039,827.9503174,856.1910457
3085,902.9375,872.1345359,821.5247425,822.6380615,892.4703753
3086,875.7833354,939.2285968,855.8967132,949.9040527,919.5896873
3108,975.2454445,998.9239214,967.0824034,950.5200195,948.7172776
3109,1024.25,947.2151846,970.6043143,1004.591431,1042.909854
3110,1024.25,964.4645108,1044.047951,1010.543396,1013.261358
3111,960.3999939,930.5613741,977.5963737,1010.694824,1065.988377
3112,889.6500041,889.7199374,927.4115112,909.2411499,994.7578976
3113,876.2133342,878.4972361,915.3022807,883.4777222,930.8365365
3114,1039.26365,900.8063002,931.1960248,940.0292969,960.8961074
3115,1024.25,943.8864508,947.8198601,990.7645874,985.8306289
3116,856.8374939,897.8623881,908.4098035,869.0107422,910.3950561
3117,778.0200073,851.2719465,823.8130692,796.0274048,849.0721277
3118,778.0200073,837.1738296,803.3118383,774.5143433,835.7307239
3119,933.4750137,920.6206601,909.7003189,869.8049927,917.1298964
3120,806.7699951,949.9495603,805.1861056,823.9656372,864.9748425
3121,933.4750137,956.8897686,865.3065237,871.5415039,877.4616722
3122,914.6466634,852.7992296,886.8822055,871.262085,843.608786
3123,806.9909058,843.5395345,889.8965384,929.3439331,925.19046
3147,902.9375,1022.558074,981.9551112,994.1691284,1003.347604
3148,1024.25,984.7284116,1002.224787,969.1526489,951.8888232
3149,950.5181774,901.4984584,1037.571105,1014.248962,978.9487984
3150,914.6466634,920.9316476,970.1189166,1053.109009,1021.257177
3151,1024.25,904.3355331,954.3775546,987.508728,983.9312857
3152,1024.25,916.7304903,945.4042741,991.3093872,976.049223
3153,876.2133342,892.0528141,957.7645167,977.6951904,972.4221043
3154,960.3999939,907.9937481,946.639772,929.3890381,963.878569
3155,929.6166585,942.5757203,888.4438121,902.1790161,999.8772512
3156,902.9375,877.447575,905.5910162,884.2149658,925.9746063
3157,902.9375,870.5499138,852.3442134,838.7988892,892.3521267
3158,933.4750137,921.0201417,939.0132337,890.4485474,930.7833317
3159,933.4750137,921.0989582,854.4707031,871.6107788,895.0218826
3160,933.4750137,947.9788608,840.0502414,883.5066528,877.1709754
3161,933.4750137,893.8293194,956.5051013,935.2294922,837.7807324
3162,933.4750137,832.7105355,886.1697251,865.4620361,837.8007998
3163,806.9909058,897.049902,814.1014217,806.1306763,834.9176366
3187,950.5181774,970.6391095,1002.224787,974.3535767,946.70603
3188,950.5181774,954.2744195,1008.745918,985.4175415,957.6686733
3189,1024.25,977.2572657,1012.690646,1076.69751,1034.237251
3190,914.6466634,967.0144977,1054.577197,1081.536499,1003.289817
3191,1024.25,972.6193795,1007.390256,1012.012817,1025.679255
3192,876.2133342,913.0944919,983.9175839,1015.412354,950.5178315
3193,1024.25,896.2265393,955.3760584,922.569458,981.5982434
3194,899.9833374,903.3982036,909.977525,929.6313477,980.240801
3195,856.8374939,918.6898913,896.005537,896.7450562,967.9964426
3196,924.518183,896.906243,899.1626687,874.8764038,930.619367
3197,753.6199951,924.5968767,897.8822758,874.1577759,902.5919522
3198,871.828561,933.3932793,911.0020395,880.3588867,870.1336529
3199,933.4750137,923.4491001,940.0460426,916.8924561,883.4552688
3200,902.9375,914.3471743,808.1735596,866.6326294,869.3342534
3201,933.4750137,998.6076936,888.3502477,906.5037231,860.9217888
3202,806.7699951,945.7259365,867.3787142,873.321167,846.3484821
3203,579.8666687,812.9698013,719.3338782,735.3052368,746.0152202
3204,820.8625107,946.0107627,737.2075017,761.8989258,785.7887997
3230,889.6500041,1002.745033,979.3226918,939.3671265,994.662267
3231,1024.25,1009.437206,980.407243,984.1542358,965.6701065
3232,960.3999939,989.9728558,1014.099302,1033.834961,985.1211129
3233,1024.25,901.6159142,1025.790966,1030.006714,1000.168565
3234,1024.25,966.1590408,1007.087642,990.260437,1016.868217
3235,1039.26365,927.4049926,954.5420741,985.2661743,973.8182038
3236,1039.26365,897.534769,932.4354225,951.934082,987.8057679
3237,929.6166585,912.0009569,903.6669797,927.7056274,1002.85365
3238,856.8374939,767.8142614,856.9854422,879.2610474,873.0376033
3239,778.0200073,839.4158041,871.3555672,855.5107422,898.5689066
3240,933.4750137,826.6543499,923.0668068,858.4765625,861.8319237
3241,902.9375,842.6954964,854.9141385,864.6717529,825.7626086
3242,902.9375,959.6315366,921.1176727,905.0252686,900.4694458
3243,902.9375,857.7124924,932.3521638,921.2865601,895.9617414
3244,955.2166748,950.0335648,967.8312551,925.3069458,880.352684
3245,926.2923068,939.4547909,872.7712214,866.9893799,815.4327794
3246,926.2923068,847.8094152,823.2708503,868.1436768,802.6727855
3247,759.1818182,745.6998497,841.8454153,760.71698,790.4207195
3248,926.2923068,899.9429718,762.3893303,765.3440552,710.6479362
3275,1024.25,1008.093662,1010.681799,1058.767334,997.1887803
3276,1024.25,1037.34409,1007.589078,1004.392944,986.1210833
3277,1024.25,938.1939454,969.1786519,969.9953613,960.391218
3278,914.6466634,921.8673005,935.5899851,980.180481,909.0133459
3279,889.6500041,887.7586476,994.8347242,997.0065918,938.5086848
3280,1039.26365,871.9774881,983.5578937,950.3977051,961.1492246
3281,957.6428571,888.8420375,956.3276553,968.7280273,984.4201804
3282,1039.26365,902.6688014,972.9705046,949.7468262,978.4501416
3283,902.9375,828.1083865,875.6076912,880.3978882,883.6133072
3284,933.4750137,861.2131515,867.5575803,802.7736206,863.4818806
3285,806.7699951,913.0853929,844.4028926,846.6621094,873.309682
3286,805.135703,849.2823994,810.960079,827.3322144,826.0786457
3287,805.135703,933.8083404,803.8982974,844.4365234,819.925975
3288,955.2166748,954.5840769,899.7209567,870.3643188,844.1339246
3289,926.2923068,922.1504195,914.6984334,876.8091431,894.2162333
3290,926.2923068,918.9567986,910.3598638,880.2892456,861.7718069
3291,926.2923068,951.8557957,935.8426713,912.2200928,861.6501693
3292,759.1818182,781.8008933,808.4980121,774.767334,807.736683
3293,759.1818182,818.170011,835.2832835,774.2804565,813.6369616
3321,1010.50001,987.0078914,970.6555463,1000.943848,1035.816582
3322,1024.25,1028.532097,969.8683739,982.0515137,939.504269
3323,1010.50001,980.4268871,987.5673819,1021.78949,973.8786186
3324,960.3999939,910.2415887,982.4863653,1000.683228,941.782697
3325,1039.26365,908.1677004,1000.228987,1010.947998,952.773287
3326,1039.26365,906.5980017,973.2205679,1017.954773,912.7352328
3327,1039.26365,864.2265551,944.8185181,938.7277832,957.713519
3328,917.3600016,876.0660872,956.8576561,948.9129028,1005.253076
3329,844.1499939,902.9335397,879.0515205,862.6713867,962.1719622
3330,778.0200073,928.6342829,784.9612545,790.2997437,871.3940446
3331,806.7699951,903.8329461,749.9882768,706.1945801,822.1436106
3332,806.7699951,956.2914054,824.8985116,816.2406616,873.1456474
3333,806.7699951,886.4876446,789.7328967,838.0952148,827.1489245
3334,805.135703,876.2248752,768.2125767,735.3375854,811.8189252
3335,805.135703,934.5101646,831.5188652,847.4665527,859.5756244
3336,926.2923068,959.108015,883.4222755,903.8588257,918.9638035
3337,875.7833354,855.6860789,959.558069,907.5806885,865.4192173
3338,926.2923068,970.2885059,901.2491003,907.5758057,883.8562589
3339,926.2923068,902.6115936,922.8015408,879.6337891,862.1629689
3340,759.1818182,730.6407586,837.6355843,809.3594971,785.2459007
3341,759.1818182,872.2808915,835.1906708,816.687439,735.6155719
3367,686.4199829,899.2868833,917.6847983,868.2679443,863.6827057
3371,1010.50001,1065.109732,779.3484436,863.9727173,808.8470959
3372,820.0499878,1102.146225,854.9075642,934.7568359,847.6953082
3373,1010.50001,898.5655784,934.1234961,965.5845947,911.1557088
3374,1010.50001,793.1150157,994.0311516,999.8839722,917.2084056
3375,1039.26365,789.9029307,1077.205073,1093.271118,969.3941888
3376,960.3999939,952.2480196,956.5247149,985.1930542,1041.31985
3377,957.6428571,926.6852292,974.4021369,967.8355713,1032.817752
3378,957.6428571,866.2248148,935.4676373,933.430481,902.0731219
3379,929.6166585,882.1730525,900.9491724,895.7752686,912.0150387
3380,917.3600016,916.4850908,869.5104604,841.6228638,829.5925848
3381,806.7699951,823.4172153,791.4890154,834.6106567,773.5257637
3382,806.7699951,876.0320632,779.8031515,778.9777832,869.9017765
3383,806.7699951,869.5259534,787.1163657,786.9874878,866.0034195
3384,902.9375,884.1498268,829.7209896,783.7355957,862.2654016
3385,805.135703,914.9210395,835.3986736,870.1303711,881.7695434
3386,926.2923068,1000.674943,895.8410788,906.2778931,894.9295878
3387,926.2923068,943.6095688,938.1129445,925.8684692,905.0673065
3388,955.2166748,955.3134816,945.550882,971.2352295,936.6501217
3389,926.2923068,926.3005611,901.5029479,908.0178833,882.1033282
3390,805.135703,780.952624,824.976027,813.3878174,768.1712417
3391,759.1818182,957.0167391,815.8072698,831.3200684,882.6740998
3421,686.4199829,774.7464487,733.8206405,636.7177734,852.5554619
3422,876.2133342,802.9933946,692.6203948,523.1497803,868.1544135
3423,726.7636275,761.3025165,709.1928332,589.6653442,807.1445353
3424,820.0499878,823.8889651,765.76912,678.3686523,802.072371
3425,820.0499878,1016.302756,785.6737272,865.4546509,806.819397
3426,871.828561,977.9998204,855.136804,889.6032104,741.1282554
3427,820.0499878,684.0974775,889.4343763,885.8401489,744.6881616
3428,1010.50001,868.0001295,921.1782413,868.336731,853.9034787
3429,856.8374939,938.5409662,894.8015623,963.5725708,996.3582762
3430,856.8374939,880.6333697,953.2257151,984.9772339,982.8553474
3431,929.6166585,970.3108525,958.5178208,998.3009644,932.5184949
3432,929.6166585,954.6302533,932.1556907,964.3427124,932.0622907
3433,778.0200073,912.1072048,911.7282822,946.6958618,888.7175148
3434,778.0200073,854.5904936,811.686125,822.592041,793.0614543
3435,778.0200073,831.00713,787.1163657,777.2932129,814.2347107
3436,778.0200073,909.6296095,796.46098,786.7791748,848.4928611
3437,778.0200073,827.6846497,795.8882711,794.6405029,850.1876417
3438,805.135703,866.7633285,840.9809715,833.0041504,861.1325116
3439,805.135703,906.2671838,843.7411171,805.3843384,874.9010007
3440,955.2166748,1067.265891,921.6705044,926.9448242,934.060055
3441,955.2166748,978.4288216,935.8349161,943.6481323,953.5296573
3442,955.2166748,1022.77355,963.5260817,942.6105957,905.784126
3443,926.2923068,912.8133087,900.6377147,910.2684937,869.4266264
3444,759.1818182,814.9004692,853.2190366,856.291687,863.7109648
3445,759.1818182,839.8308572,827.2688538,781.9578247,819.4774079
3475,820.0499878,729.5997567,743.1872741,750.2485962,945.3822468
3476,875.7833354,801.4617721,787.7136962,747.3215942,968.0870313
3477,875.7833354,807.0759429,895.2055664,846.7175293,937.3450114
3478,924.518183,836.6928171,868.6332824,887.1560059,910.6875341
3479,838.7714233,948.3568314,768.6145306,732.3326416,811.279126
3480,924.518183,1012.472121,753.6940996,665.9178467,768.2802979
3481,820.0499878,838.0352893,721.0771644,687.4646606,746.727226
3482,684.5999843,842.8589656,784.8565206,699.7677002,736.1731794
3483,820.0499878,921.2897823,826.8762535,830.3427734,875.6013698
3484,806.9909058,928.8825626,871.689946,935.7806396,938.332854
3485,856.8374939,925.9173034,950.3695888,1001.492371,914.0328189
3486,778.0200073,920.4412673,761.34024,831.0592041,705.2623717
3489,844.1499939,814.8023985,871.8505552,861.5330811,822.9823381
3490,917.3600016,836.4619358,843.9796184,807.8763428,794.9106103
3491,805.135703,823.7002278,776.4534549,807.7653198,777.2132528
3492,978.1333415,764.4630567,729.1502684,822.2024536,731.6957358
3493,805.135703,806.1057074,818.3326433,824.177063,824.103229
3494,926.2923068,968.0430257,909.1193883,931.7927246,889.7192059
3495,926.2923068,939.3670229,904.3162217,901.3900146,835.8214608
3496,926.2923068,869.0458187,913.8105781,891.9586182,765.7288575
3497,805.135703,877.2991167,776.1786657,845.442688,716.2525584
3498,759.1818182,836.6667587,838.180051,849.8943481,845.6506078
3499,759.1818182,680.0425754,830.2958021,715.6405029,698.364654
3528,579.8666687,722.2853209,611.2988511,527.9793091,695.0401805
3529,916.3374939,763.3913854,856.8474776,827.6746216,898.1534671
3530,916.3374939,811.9096723,843.1027097,863.6138306,887.4013748
3531,916.3374939,860.8692466,853.3853184,911.7055664,919.3226004
3532,916.3374939,877.7550532,795.6127392,813.2161255,807.7085057
3533,791.5999959,921.1971268,854.1372235,864.3851318,852.0679434
3534,753.6199951,910.2598777,839.6877528,816.4802856,869.0841375
3535,876.2133342,896.8075096,875.9367696,863.3619385,871.5333006
3536,838.7714233,958.0348795,861.5465816,885.6850586,886.2158615
3537,838.7714233,920.9662159,822.077938,837.821167,860.2416594
3538,838.7714233,875.6792598,809.6775061,848.4976807,853.9364605
3541,902.9375,903.0226882,938.8515085,917.6074219,796.9407047
3542,759.1818182,764.0585991,723.3748712,734.4733276,717.4207304
3543,759.1818182,794.6575124,723.1607095,735.0774536,729.4953512
3544,686.4199829,645.2228924,674.5272842,670.8983765,696.5725922
3545,546.5833333,716.1959833,667.7324654,713.942627,721.6922812
3546,714.7888862,809.5961481,724.8450731,717.5066528,685.5788039
3547,714.7888862,734.1465624,693.488236,639.1776733,649.086236
3548,714.7888862,698.8823367,699.9107924,691.3242188,641.6497914
3549,714.7888862,861.2710035,758.3257838,734.7969971,633.7207685
3550,714.7888862,731.0445583,728.5336837,719.1837769,649.6671865
3551,546.5833333,535.6806749,611.5228493,532.1264038,511.0289634
3580,902.6916707,771.1005279,625.5516184,520.9860229,679.1725287
3581,806.9909058,826.8040089,786.0151887,752.6192017,881.2640316
3582,883.0250015,869.6322498,870.4483713,833.4224243,909.6854893
3583,820.0499878,849.2632492,858.9114482,837.8999023,855.8495089
3584,820.0499878,854.9784239,744.9756919,787.2486572,832.3007871
3585,871.828561,920.3561526,849.3365879,807.6436768,854.3456009
3586,883.0250015,902.5479415,887.1124382,907.6478271,886.8942758
3587,883.0250015,911.9209165,924.3276813,936.8676147,886.0176025
3588,916.3374939,954.0936645,961.5684114,942.8638306,922.6985844
3589,876.2133342,902.5990791,878.9311663,887.0367432,848.9919928
3590,876.2133342,857.3824422,888.2614344,890.2612915,833.3351144
3591,759.1818182,888.4002273,764.9383016,670.4423218,749.921494
3594,876.2133342,920.4374639,909.9087881,878.6602173,835.8970011
3595,876.2133342,895.3963405,860.5089701,820.3765259,798.140419
3596,914.6466634,867.0001888,874.6533705,853.6881104,828.2219737
3597,759.1818182,763.474593,820.2663678,891.4399414,826.9900647
3598,902.6916707,778.8790595,779.5915528,830.6860352,769.1611566
3599,805.135703,876.2772683,850.3766315,846.2044678,826.5299649
3600,820.8625107,838.2891733,859.073563,850.6088257,798.0916493
3601,820.8625107,842.8709726,856.9384005,840.0008545,833.4879687
3602,820.8625107,914.2069681,754.3524247,778.4858398,783.2697618
3603,820.8625107,949.1411987,756.0900231,814.9592285,742.9604983
3604,820.8625107,686.8717515,726.3379482,725.4909058,622.6668377
3634,546.5833333,824.9264799,621.4750896,590.8184204,579.837108
3635,684.5999843,889.7298375,709.677107,723.897522,830.4732237
3636,806.9909058,947.4453444,819.7589565,797.6751709,873.9682458
3637,838.7714233,920.9581194,815.5927232,868.5045166,856.417193
3638,805.135703,819.5914123,775.3046373,788.4417114,822.9217068
3639,806.9909058,866.1800595,766.332007,812.8016968,800.0424455
3640,924.518183,910.1005837,869.2225283,913.0783691,850.9316496
3641,876.2133342,891.5053811,852.1435795,855.9909668,832.2132251
3642,924.518183,943.9278761,793.6489064,863.7924805,864.348491
3643,883.0250015,960.2584508,875.3017609,883.1593628,892.0243368
3644,838.7714233,939.047076,860.8135425,826.3361206,889.1848765
3645,883.0250015,886.6757944,840.6345755,832.2701416,837.7576307
3646,957.6428571,872.1601261,943.5469138,945.9940796,939.0521884
3647,957.6428571,827.1527464,910.9011065,915.4978027,955.92588
3648,898.299998,882.1379467,910.0018434,891.8505859,883.8132562
3649,914.6466634,928.1337206,896.7747043,880.5437012,949.300109
3650,914.6466634,943.3361986,930.3864963,905.2744141,902.8361075
3651,889.6500041,896.4263335,869.5238749,856.4839478,883.5748848
3652,820.8625107,890.8051971,886.2613974,848.3833618,869.1556805
3653,759.1818182,911.6250083,845.4454077,889.8343506,872.6213896
3654,926.2923068,833.3337705,870.1208017,909.3258667,868.3864241
3655,950.5181774,872.8608777,932.0667039,955.6904907,916.6847989
3656,950.5181774,950.1424577,934.861793,967.7161865,907.7699035
3657,992.6727351,899.3694123,999.1686297,982.6273804,868.7639609
3658,902.6916707,834.9940108,792.6570123,863.9662476,765.5891364
3687,546.5833333,741.9621235,623.0843487,631.6508789,547.6088677
3688,684.5999843,1035.429905,700.5403217,760.6998291,801.9207311
3689,806.9909058,1058.539075,799.1510159,833.6306763,873.8104175
3690,883.0250015,968.4878829,798.4049695,822.9289551,858.3087286
3691,871.828561,866.7002889,846.2185268,818.2942505,856.8181508
3692,889.6500041,913.409125,829.4073919,837.3299561,828.8496415
3693,791.5999959,953.5848958,878.1702823,876.727478,796.2111051
3694,838.7714233,907.5312306,787.8326202,811.4918213,752.0516783
3695,871.828561,927.1059592,777.4089359,832.3329468,744.6818425
3696,871.828561,926.0074579,890.3610669,858.6582642,817.8933472
3697,924.518183,933.7621127,941.4043104,929.5167236,858.4105872
3698,778.0200073,946.0967619,920.8213853,900.3464966,885.2075473
3699,917.3600016,914.8433879,841.3787672,809.4745483,897.3074664
3700,917.3600016,852.2786252,899.2607772,932.8147583,958.7454833
3701,914.6466634,896.481482,919.2397674,927.9782104,873.5156515
3702,964.9799806,936.0203814,947.0344633,899.2808228,940.1396566
3703,889.6500041,851.8000768,913.052393,924.739624,886.6810508
3704,889.6500041,861.6878777,925.4613587,932.3389893,861.679019
3705,950.5181774,879.3347414,920.0273428,933.6369629,888.0043701
3706,950.5181774,941.8355273,912.2497259,914.4925537,901.6819086
3707,902.6916707,855.5407218,866.9073891,894.9908447,878.3969129
3708,950.5181774,925.6020969,907.6632869,908.9003296,934.9969888
3709,992.6727351,986.415981,850.3877993,934.8775635,918.7379026
3710,902.6916707,832.0383387,849.3288718,891.8798218,799.8507461
3711,902.6916707,781.6927193,803.5552285,855.2319336,794.1089314
3739,684.5999843,1004.818221,697.000177,687.4575195,763.6986079
3740,806.9909058,1058.784766,730.7551765,774.4624634,847.9561021
3741,902.6916707,950.1509938,759.4759316,790.8956299,841.6388092
3742,838.7714233,873.6104061,856.8339593,830.288208,810.9991366
3743,898.299998,868.0819802,859.8540522,843.1398926,789.6205964
3744,876.2133342,886.895663,854.0182346,895.0861206,781.4422556
3745,838.7714233,897.8998124,859.8783914,864.145813,771.7553225
3746,791.5999959,889.5302508,786.9687962,841.8809814,739.7128373
3747,820.0499878,930.7096353,923.3605243,936.480835,832.2764257
3748,838.7714233,903.4968171,958.4619474,946.3127441,880.5266648
3749,960.3999939,960.6208783,928.5089458,909.5144043,981.2974976
3750,917.3600016,895.4406664,880.1520303,809.7416992,929.357136
3751,917.3600016,896.0921519,924.028433,904.3672485,941.0096442
3752,957.6428571,927.9028835,960.642591,948.4249268,919.6839095
3753,964.9799806,942.9838552,951.9866369,929.9781494,919.1178826
3754,914.6466634,845.8005138,937.4175155,911.6532593,884.6877032
3755,914.6466634,924.1869137,930.726609,936.4162598,911.4781368
3756,950.5181774,914.3735642,934.2469217,940.7219238,877.7550362
3757,950.5181774,831.3284232,960.2377757,948.0758667,854.3477117
3758,902.6916707,910.248168,908.5070905,929.4092407,885.2599018
3759,902.6916707,953.9998874,931.5242599,968.7488403,899.9204789
3760,992.6727351,1066.356412,919.0480206,985.223877,908.823201
3761,902.6916707,766.8875109,703.5606594,774.0562744,715.3189388
3762,714.7888862,652.2402692,768.0533174,718.586853,702.747784
3789,805.135703,900.6653838,621.7921622,623.5005493,748.9607375
3790,579.8666687,971.5667878,669.4440663,664.501709,795.7878005
3791,838.7714233,940.7318161,767.3040541,751.2015991,811.356258
3792,902.6916707,898.566601,803.3369561,801.229187,793.2679027
3793,883.0250015,829.4803856,884.3680777,915.5292969,831.3975962
3794,806.9909058,865.7367382,813.4187891,812.2510986,784.2443129
3795,838.7714233,874.7562611,845.6987381,875.1069946,780.8827647
3796,924.518183,912.9085987,977.6844366,969.1218872,892.7769651
3797,1039.26365,880.4356904,978.6002025,1008.045288,867.6180961
3798,1039.26365,828.6386335,958.5988464,1016.637024,946.2114977
3799,957.6428571,887.0834774,899.5086824,971.3294678,974.0434256
3800,917.3600016,905.9411979,882.9285779,908.0632324,1001.367537
3801,917.3600016,922.4136514,955.9551713,914.4258423,1050.077665
3802,917.3600016,900.5115876,954.4065192,959.8370972,962.273681
3803,917.3600016,863.9665313,940.8243486,932.3395386,1019.411181
3804,957.6428571,853.7658646,930.9966382,889.7611084,1026.780067
3805,914.6466634,885.9685791,956.9698497,930.1079712,1003.326662
3806,992.6727351,971.706658,995.1393377,971.7802124,902.0938239
3807,992.6727351,985.2294257,945.1479815,927.315979,908.9305364
3808,992.6727351,1015.145489,961.9394357,974.8464966,937.2361313
3809,992.6727351,1072.536563,982.0529363,990.7913208,992.3454669
3810,992.6727351,918.4685862,933.9423467,962.0369263,923.706167
3811,686.4199829,785.999423,773.6429249,787.2572632,708.3876498
3839,838.7714233,864.7723321,808.434557,716.8221436,787.9884945
3840,902.6916707,939.9583383,719.6080402,736.1881714,790.9577956
3841,791.5999959,858.2537035,785.1008807,751.7055664,768.9848254
3842,806.9909058,840.4249874,898.7550149,897.0891113,798.182351
3843,924.518183,863.4198802,850.629881,875.7935791,795.6679934
3844,838.7714233,860.6096328,897.2780725,868.1567993,776.6261439
3845,806.9909058,901.8315918,879.2794358,887.8466187,836.5464717
3846,806.9909058,957.1611509,919.160205,927.5378418,883.2840569
3847,916.3374939,918.1362415,966.0593632,957.3103027,966.6727979
3848,914.6466634,854.0027034,911.3754923,926.3933105,930.78148
3849,917.3600016,863.6640524,910.8033193,892.4669189,929.2654831
3850,917.3600016,916.7805119,869.9725673,826.5718384,972.7394709
3851,929.6166585,917.7717593,869.214955,863.8919067,982.4454057
3852,1038.837502,899.4830691,973.7232496,947.2449951,1102.694768
3853,1038.837502,945.6838851,973.7232496,903.1503906,1047.140003
3854,917.3600016,874.0587026,882.5823409,874.1409912,989.8756848
3855,876.2133342,928.1491682,971.8444865,932.8912354,923.30754
3856,916.3374939,947.2001074,972.3048197,965.0175171,943.7910147
3857,992.6727351,944.9875139,1014.066757,1077.018921,958.2135889
3858,992.6727351,968.7719111,1030.475886,1047.47583,1015.515001
3859,902.6916707,854.6352713,1043.236864,999.7481689,936.2087848
3860,902.6916707,802.992046,888.7640132,941.6817017,807.9839569
3885,805.135703,896.0823956,656.7696238,683.1947632,672.8623458
3886,579.8666687,911.4639234,682.9330698,642.9503784,732.2988806
3887,871.828561,888.6700897,757.2510086,757.973999,810.6744784
3888,838.7714233,858.2595608,842.0990757,877.5421753,828.7683339
3889,806.9909058,862.0988354,852.5251035,865.3809814,814.9625278
3890,924.518183,908.1189098,917.9475753,928.3709106,852.328127
3891,924.518183,892.3479387,877.9207141,915.1477661,854.7828839
3892,898.299998,854.6728688,886.6035492,933.6008911,849.7958363
3893,924.518183,901.7810222,934.0135254,946.9308472,926.772321
3894,876.2133342,839.1341129,924.3672023,927.255188,892.4895015
3895,778.0200073,834.5108137,866.9871696,785.116272,924.6664048
3896,917.3600016,870.6507031,860.5216221,745.6027832,970.1666706
3897,917.3600016,919.3996876,989.8803349,913.1542358,1090.134051
3898,1038.837502,979.5741799,978.2572507,1019.195007,1047.209443
3899,1038.837502,1030.699307,1064.21754,1015.01062,954.3701944
3900,960.3999939,997.5998427,1001.033938,1015.514038,1071.108741
3901,916.3374939,910.1338689,957.4927697,980.5933228,1025.279484
3902,916.3374939,998.6327755,913.2424589,927.2556763,946.109215
3903,902.6916707,951.7053499,958.146085,985.4508667,893.2580047
3904,902.6916707,842.5237133,973.8120507,992.6110229,896.7232557
3905,1039.26365,734.6281562,1046.924814,1028.530273,913.6713161
3931,579.8666687,866.216712,681.5230714,614.2713013,712.9299417
3932,579.8666687,887.7930466,760.0138745,698.4472046,772.3808032
3933,924.518183,856.5185027,837.7176452,830.3399048,800.3787153
3934,876.2133342,890.5770822,868.7886162,882.711792,823.0352089
3935,806.9909058,886.1538578,906.81955,907.9396362,835.9097274
3936,898.299998,878.6839037,884.5073993,898.2348022,855.9915329
3937,924.518183,824.6038602,913.0973883,920.7352295,879.9216864
3938,876.2133342,865.4121511,882.3960658,894.2369995,873.8099857
3939,876.2133342,843.262248,896.7970563,892.8030396,882.8966069
3940,876.2133342,850.338194,868.0300511,844.4053345,856.8557187
3941,914.6466634,911.7902661,866.6389049,880.5893555,934.7738956
3942,917.3600016,917.3961392,963.2531701,979.9616089,1071.6783
3943,876.2133342,903.6482531,943.5464851,1013.452881,976.6782383
3944,992.6727351,919.1895458,873.098434,990.4642334,951.5970243
3945,992.6727351,846.2602984,948.9218741,1012.535095,921.5678547
3946,916.3374939,907.1496964,965.1005346,984.6640015,979.8632353
3947,992.6727351,930.3232909,897.6941467,886.8478394,881.3562138
3948,902.6916707,839.8045319,816.0717237,840.6504517,848.3216065
3949,902.6916707,779.4773432,969.8330947,876.0541992,832.0759306
3950,917.3600016,801.8594609,971.6227046,1028.52832,894.5136446
3973,684.5999843,797.2115433,752.7162291,740.5250244,814.3843946
3974,806.9909058,823.9651524,833.1899256,837.90271,805.4797489
3975,883.0250015,836.1600542,852.6200856,889.1262817,815.8608
3976,924.518183,900.5223903,785.8613746,863.9661865,840.3751735
3977,838.7714233,919.6991759,842.8671259,870.0817261,865.6971053
3978,883.0250015,900.7400338,861.9915847,838.1975098,885.4252834
3979,898.299998,877.3554075,835.0577657,871.9284668,835.3577323
3980,726.7636275,874.488039,777.0741273,804.2390137,823.1336497
3981,726.7636275,878.8926029,841.8078088,846.8161011,867.8346169
3982,916.3374939,870.2075603,911.3993344,896.7494507,954.3103206
3983,876.2133342,883.5049624,914.2816431,905.7526245,980.6409307
3984,898.299998,878.4993329,865.7047214,864.5824585,885.655976
3985,883.0250015,849.0331493,870.7594861,893.0606079,857.6019581
3986,898.299998,862.6887035,851.6990663,830.1639404,800.3666996
3987,753.6199951,943.8393695,847.4640504,843.9775391,838.1302179
3988,714.7888862,901.4797174,779.858318,765.2055054,772.5667348
3989,714.7888862,815.4958918,745.2936427,732.0452271,772.0048642
3990,820.8625107,832.4582341,896.4092654,909.9310913,772.1914445
4011,838.7714233,858.347714,760.2375415,792.3486938,798.8874767
4012,791.5999959,828.6572518,795.1934706,739.8626709,779.5854598
4013,791.5999959,838.7466569,740.9554165,780.2353516,793.3538472
4014,791.5999959,863.5010129,877.6783606,879.1088867,834.6046821
4015,924.518183,871.3860306,872.9924106,878.9613037,844.9935296
4016,753.6199951,826.4871054,810.7168817,800.1551514,761.2812192
4017,759.1818182,845.0293702,751.5485067,780.3230591,805.3827834
4018,726.7636275,871.8581669,829.1509002,814.4351807,841.8218212
4019,856.8374939,828.2999417,812.7384919,875.1333618,901.7090126
4020,964.9799806,878.7994996,830.2822463,862.9864502,966.5937363
4021,726.7636275,852.6245805,820.0367863,779.5023804,845.6638696
4022,726.7636275,875.7842017,795.5488563,708.5147095,804.9736299
4023,714.7888862,870.8304866,737.2719206,655.5866699,753.7718544
4024,714.7888862,847.4026891,750.9885223,707.593811,793.0134408
4025,714.7888862,722.6148575,676.1463821,719.6260376,690.47131
4026,820.8625107,866.7466347,763.9456041,782.6659546,712.259571
4045,684.5999843,798.3792567,720.0074303,748.9295654,745.0302035
4046,806.9909058,814.574533,698.2168521,754.0986328,744.0652002
4047,791.5999959,823.1471831,724.5046061,776.7044067,742.643168
4048,806.9909058,833.7521792,717.2738645,802.0790405,766.9662126
4049,726.7636275,844.4479798,732.6378397,755.2509766,765.6362864
4050,759.1818182,865.1068544,754.3143751,802.2727051,739.8144161
4051,726.7636275,821.3618387,738.7908166,764.6235352,802.1262477
4052,924.518183,793.6237493,848.5380855,808.5968628,863.2149698
4053,726.7636275,903.2758692,812.4205724,758.2337646,908.8749114
4054,726.7636275,794.4853778,790.9571915,740.7457886,695.9028084
4055,876.2133342,806.8224077,742.8327657,698.932373,690.0055531
4056,579.8666687,761.0479361,719.0587052,661.1983643,625.2000554
4057,714.7888862,944.610709,679.6326036,729.3665771,634.2741067
4075,806.9909058,987.7013085,727.6921528,765.2325439,713.5878526
4076,753.6199951,817.1027604,721.0987813,743.109436,687.557915
4077,686.4199829,819.4031763,711.434955,727.3707275,737.1067911
4078,686.4199829,871.6077483,731.884036,698.892395,683.6197714
4079,806.9909058,920.9192462,700.1139761,739.5840454,722.1517098
4080,753.6199951,861.4446178,713.6134082,760.2830811,713.2792431
4081,726.7636275,809.0175207,697.1694142,721.9796143,707.8941429
4082,726.7636275,820.294491,662.3256923,673.2909546,503.001374
4083,759.1818182,992.8068526,614.5624309,577.3473511,277.3254567
1363,533.5200073,471.900128,439.7885014,457.8512878,560.9016715
1364,533.5200073,489.0858521,453.2432171,485.0966187,789.7795651
1365,533.5200073,580.1002142,644.5795996,566.4587402,730.3626448
1366,533.5200073,638.098069,621.8912282,639.1087646,698.3342594
1367,524.4076937,571.2225258,446.2392165,465.6487732,573.1307622
1398,655.7500065,630.0828824,614.2004076,581.3805542,729.590881
1399,655.7500065,706.3704436,634.0466347,641.0861816,820.1175449
1400,765.5499954,778.3916308,842.8509235,818.6692505,918.8510495
1401,778.7333293,684.9033258,711.7675429,722.270752,920.4439806
1402,655.7500065,758.5603761,803.3220637,777.4005737,860.6727973
1403,655.7500065,764.1905272,811.9670857,775.6965942,792.8592673
1404,686.3499985,648.9458108,671.1568817,625.2363281,738.7601544
1405,487.9888848,486.9629285,464.6336995,501.7097473,518.0582678
1406,487.9888848,440.9007124,417.8206913,439.6499329,495.5719414
1407,524.4076937,449.6165142,473.3823581,458.3959351,547.5444899
1408,686.3499985,561.3729305,649.3829238,565.9047241,589.9131731
1443,765.5499954,628.6998221,642.5981158,638.0727539,781.7329787
1444,1074.807702,699.7821715,848.9608282,743.6663208,861.8832105
1445,765.5499954,796.2298665,875.860424,810.9276733,903.9563408
1446,806.7000046,850.1794463,910.2183183,864.9065552,929.0188774
1447,806.7000046,841.1919474,882.8111017,892.8605347,883.2314002
1448,778.7333293,827.965743,836.5170202,857.9440308,799.2680294
1449,686.3499985,668.5514237,745.5766671,681.7759399,702.5824963
1450,524.4076937,483.5003536,525.3701427,517.989563,612.7984183
1451,387.164287,397.2173061,442.3828008,452.8337402,432.9704587
1452,487.9888848,426.8014834,429.6486907,460.9226379,483.4390159
1453,487.9888848,536.0731385,485.3315106,510.8089905,538.0717623
1454,487.9888848,453.3369658,454.3158849,489.2620239,502.8849227
1455,387.164287,393.7759033,403.9079012,411.2037659,391.4988531
1495,916.9,811.1790871,912.9589171,878.972168,974.7067878
1496,889.4400065,812.9578513,901.743415,936.5581055,1017.380746
1497,889.4400065,779.6725055,896.1514753,930.8751831,919.1994438
1498,806.7000046,709.2296602,763.617983,770.4837036,820.357907
1499,806.7000046,736.2373067,837.9245596,823.1896362,818.7545493
1500,806.7000046,834.2961168,888.585115,892.5488892,871.5858403
1501,916.9,828.0076892,918.3198223,929.3041382,833.6232589
1502,778.7333293,818.8642936,819.4730783,805.7744751,801.2452628
1503,686.3499985,653.3392556,660.7138313,671.9953613,641.5131605
1504,524.4076937,418.7655431,536.7205357,545.9662476,514.9166355
1505,487.9888848,402.6636078,468.5106574,470.1894226,428.2977353
1506,407.033332,406.3618107,402.658109,419.6067505,404.540915
1507,387.164287,400.8000213,411.1681083,400.7473145,396.9189146
1508,387.164287,391.2339904,416.70901,413.1785583,387.5743225
1509,387.164287,401.2932519,414.6662392,427.0714722,358.3905478
1510,407.033332,390.8991151,396.9039006,420.9004211,409.7653349
1511,387.164287,425.6060204,436.2468269,404.5837097,515.2613354
1554,778.7333293,825.6002933,856.999837,840.0419922,777.2125829
1555,859.0249939,797.1006803,884.1097563,849.3358765,827.1635831
1556,889.4400065,825.3294259,953.4195386,923.2349854,886.9910538
1557,988.3799682,847.6869786,1025.864792,994.1832886,835.9736053
1558,765.5499954,761.1016089,822.6155361,835.3486328,822.0888548
1559,859.0249939,778.9246874,823.4264456,851.085144,853.8510747
1560,1020.327287,877.5812945,935.7715486,863.4534302,845.9889445
1561,889.4400065,839.1635155,855.39512,874.2006836,898.7516023
1562,806.7000046,858.456976,885.2763652,871.0820923,807.7790873
1563,778.7333293,726.9394662,675.3021633,677.8248291,668.96845
1564,524.4076937,542.9707895,577.6430629,533.5755615,557.7994648
1565,524.4076937,543.580002,605.1556778,548.630249,572.0259391
1566,524.4076937,411.0449683,543.5843532,513.0261841,545.6155734
1567,487.9888848,414.6964596,449.0297062,462.1080627,479.8602064
1568,407.033332,431.6141789,409.0999004,425.1119995,464.3042709
1569,407.033332,404.477911,414.6662392,412.9012451,356.8249586
1570,387.164287,405.0476764,424.3189108,404.7158813,399.3327353
1571,387.164287,404.2976747,411.7772127,421.928894,473.1483589
1572,387.164287,374.0004196,412.8323332,378.7204285,442.4164022
1618,725.9785766,844.59975,826.5280136,835.0644531,728.85001
1619,942.8400024,870.6683727,856.604702,899.8911133,782.6592809
1620,942.8400024,847.9705364,817.6944845,815.3843384,829.1795922
1621,859.0249939,788.4594078,926.2168895,901.3105469,881.8324451
1622,889.4400065,784.0360462,927.0090833,898.0338135,906.3768306
1623,889.4400065,799.2075773,899.1970037,921.8068237,889.8914419
1624,889.4400065,722.2909147,775.8832603,822.7827759,899.505796
1625,859.0249939,791.4018094,868.6136753,861.223877,885.0275386
1626,806.7000046,801.305731,826.9945938,840.8322144,932.0654591
1627,916.9,776.4325425,789.122596,839.1397705,806.3064373
1628,778.7333293,713.9999536,677.0898322,703.3163452,706.0849662
1629,524.4076937,540.421964,595.1694125,638.0611572,698.4176222
1630,524.4076937,492.3036626,543.6779365,545.3481445,608.8684649
1631,686.3499985,601.7838079,697.6018911,673.7069702,584.4547781
1632,533.5200073,555.1372511,508.6183763,508.9552002,599.4791026
1633,407.033332,468.5432495,453.1081359,465.0349121,518.7095538
1634,524.4076937,406.300229,391.8598526,389.9705811,448.8910603
1635,387.164287,410.3127035,382.6375671,312.791626,400.1827932
1636,387.164287,394.5276802,403.353546,407.8153687,441.9047242
1637,387.164287,395.60032,384.855852,411.1824646,456.7823374
1638,387.164287,443.0131817,407.2425931,380.6140137,473.1173603
1687,942.8400024,901.183106,867.0695346,895.0001831,868.8850247
1688,1083.487495,1053.89985,1136.196497,1118.284912,977.3532434
1689,942.8400024,969.3116208,1069.542695,1073.532349,939.3186924
1690,889.4400065,915.6851891,1042.207588,1009.968323,1000.157271
1691,889.4400065,830.3445291,929.9932496,893.6776733,1006.82729
1692,889.4400065,875.489071,948.4611544,995.312439,1056.955827
1693,1085.249996,1086.589614,1019.36604,999.1047974,998.3073874
1694,978.1333415,1064.52982,902.6752853,948.947998,1028.450203
1695,975.2454445,873.8939119,931.0886493,961.4059448,1002.700935
1696,975.2454445,828.1319646,1052.771099,944.921936,905.0138568
1697,778.7333293,891.8995921,826.7369797,873.0673218,822.2619159
1698,859.0249939,774.1001337,743.3819605,752.7769775,683.4453794
1699,524.4076937,618.6733732,546.46784,517.1638794,663.8590556
1700,524.4076937,496.61572,489.4548718,454.1036682,596.8549042
1701,487.9888848,456.0025941,465.5286992,445.2965698,479.1765997
1702,387.164287,396.9322222,399.7285941,404.4768677,462.4450978
1703,407.033332,403.0122318,402.559185,383.21698,485.9262399
1704,407.033332,474.600038,458.3324128,452.9236755,466.9662806
1705,487.9888848,429.0330072,439.051107,454.2345276,518.8592979
1706,387.164287,399.8539003,408.9508795,416.032074,488.5155143
1707,407.033332,403.0085025,415.3785253,453.8323669,489.7526643
1758,655.7500065,1048.449313,903.6166448,924.6594849,875.6961183
1759,1083.487495,991.5573163,852.4241634,794.7253418,896.3119578
1760,778.7333293,970.5703413,779.7397964,766.9033813,812.0863324
1761,978.1333415,1055.681408,1006.04632,944.423645,958.6488002
1762,1138.544454,1100.407639,1174.399079,1187.958374,1097.190933
1763,1138.544454,1036.641302,1080.471677,1132.182983,1084.062543
1764,1279.964286,1165.056712,1250.446742,1226.629517,1124.416814
1765,1172.26001,1160.500206,1216.315124,1156.319946,1124.720871
1766,1169.981823,1139.421479,1084.202844,1087.390991,1130.866293
1767,1172.26001,1188.399946,1180.324734,1200.2052,1176.161222
1768,1193.650009,1175.006864,1217.356063,1269.730347,1086.982495
1769,1085.249996,1147.992097,1095.425906,1119.438477,1037.616305
1770,1085.249996,1006.043695,1064.716879,1052.544922,949.2631669
1771,889.4400065,963.0785451,916.1925373,873.640625,1033.491344
1772,889.4400065,790.6791015,806.330399,872.7238159,878.3064084
1773,524.4076937,461.0463092,608.6001685,671.0366821,640.6012411
1774,387.164287,404.1326322,441.1414494,400.9382324,497.985013
1775,407.033332,421.8001158,422.1156671,419.5649109,551.7403049
1776,655.7500065,652.0988156,567.6272199,686.6731567,683.7702682
1777,725.9785766,619.8633614,545.0179301,592.4486694,659.7364001
1778,487.9888848,509.2603676,494.4054701,469.5882874,516.8712689
1779,487.9888848,457.6005132,472.1097308,489.6048889,546.3413605
1780,686.3499985,698.6455298,688.5600592,630.3599854,658.9134607
1832,942.8400024,884.3301139,1076.271041,1046.780762,934.0350697
1833,765.5499954,856.229229,870.6304512,839.0942993,877.3394279
1834,655.7500065,835.2206836,674.8855241,444.1304932,826.732765
1835,978.1333415,1101.332542,1021.208731,971.1384888,937.9514106
1836,975.2454445,1173.041338,1188.90086,1150.629639,1167.597958
1837,1138.544454,1097.943926,1189.957956,1181.875977,1057.914918
1838,1172.26001,1125.301702,1254.860639,1219.542236,1162.57771
1839,1279.964286,1154.890878,1251.970941,1200.924927,1165.555011
1840,1193.650009,1153.558036,1193.239548,1184.697998,1201.601345
1841,1279.964286,1193.589507,1221.433536,1211.175293,1168.607179
1842,1279.964286,1137.16511,1223.354452,1243.617432,1167.748932
1843,1169.981823,1094.458617,1221.150629,1225.182983,1150.456649
1844,1085.249996,1199.015121,1154.196225,1189.185669,1110.793437
1845,1193.650009,1201.601513,1121.246744,1140.346436,1149.931254
1846,1085.249996,895.8875035,1096.008987,1048.478516,991.913027
1847,686.3499985,673.3864725,820.3279881,762.4124756,705.4966063
1848,407.033332,404.5060619,442.8853729,447.8359985,460.6952421
1849,407.033332,484.8296923,485.575568,462.75354,560.117454
1850,859.0249939,835.2003988,829.9495063,779.4068604,723.2103818
1851,806.7000046,807.4005207,819.8697394,808.4716797,784.9754247
1852,686.3499985,653.8014776,733.5364877,735.3894043,689.2846149
1853,859.0249939,763.610177,780.7844802,770.4985962,730.9193519
1854,859.0249939,852.3965946,893.0911887,906.9324951,739.969657
1907,975.2454445,871.5544559,1016.508397,1012.622864,843.7648234
1908,975.2454445,939.0532676,1107.764149,1144.179077,1007.146588
1909,1138.544454,974.8386655,1164.632557,1173.229126,1045.842905
1910,1138.544454,1062.160595,1167.097941,1179.265259,1077.198169
1911,1138.544454,1202.831867,1245.031902,1260.719482,1161.347632
1912,1169.981823,1205.752203,1237.068903,1198.942261,1218.145693
1913,1172.26001,1171.237973,1239.848237,1226.497925,1164.029867
1914,1020.327287,1140.250273,1129.955459,1056.31311,1154.624424
1915,1020.327287,1155.194169,1217.868608,1163.809326,1148.190339
1916,1279.964286,1191.094824,1281.351269,1271.606201,1226.777275
1917,1138.544454,1185.229387,1194.8033,1149.295044,1213.982419
1918,1138.544454,1074.588213,1054.074575,1088.185181,1109.636896
1919,1169.981823,1169.02173,1029.403342,1031.265381,1075.459913
1920,1085.249996,1214.896611,1125.301411,1131.972168,1101.471156
1921,1085.249996,1171.664979,1099.227766,1124.76001,1097.385685
1922,1193.650009,1018.598774,1103.597129,1144.45752,981.5370284
1923,765.5499954,712.863594,727.3885102,709.6173706,761.6913849
1924,524.4076937,545.9567037,599.925845,620.0707397,576.6055283
1925,524.4076937,588.7105432,601.078344,570.2149048,665.5209521
1926,859.0249939,815.3816886,843.1157312,791.9029541,744.2813529
1927,889.4400065,837.0964068,856.4220016,826.5235596,871.7708951
1928,765.5499954,826.0998127,809.3686262,847.5046997,773.5495491
1929,859.0249939,896.2001035,839.2659181,882.6761475,653.5832892
1930,916.9,851.9255872,853.3282463,876.899292,707.4954494
1931,725.9785766,685.8275912,514.465824,505.3175964,718.368991
1985,778.7333293,865.1756219,918.6986987,992.9823608,747.3179193
1986,975.2454445,1003.609405,1041.949606,1091.734253,1016.904137
1987,1138.544454,1057.088635,1054.6087,1178.373291,1078.021995
1988,1279.964286,1179.59478,1239.778624,1221.631104,1164.083141
1989,1279.964286,1241.68424,1228.134274,1266.013306,1266.593122
1990,1279.964286,1242.714647,1230.044876,1230.706177,1220.04763
1991,1279.964286,1197.810753,1252.184398,1258.421631,1224.03012
1992,1279.964286,1178.679591,1222.302821,1184.082397,1261.983429
1993,1279.964286,1173.197212,1287.179219,1332.590576,1274.947676
1994,1020.327287,1137.377658,1264.386343,1249.994019,1185.268912
1995,1172.26001,1168.936682,1194.474413,1112.692261,1166.570064
1996,1085.249996,1134.685708,1110.934153,1094.510986,1135.815209
1997,1085.249996,1134.373361,1075.904194,1038.750977,1044.875146
1998,1085.249996,1204.201352,1067.469993,1052.865845,1042.654402
1999,1085.249996,1140.241691,1078.646745,1052.437744,989.9837056
2000,1193.650009,988.7561688,1078.23833,1057.434692,963.1995318
2001,889.4400065,761.5139623,973.2497026,911.4796143,934.9982048
2002,988.3799682,854.2588678,843.1769327,838.5037231,776.7122931
2003,889.4400065,828.0473319,843.9737152,796.4320679,814.0576539
2004,885.3799927,855.7324603,869.9081639,845.3372803,786.1802909
2005,885.3799927,971.9751164,907.288679,879.4521484,886.00307
2006,889.4400065,804.8003453,843.1972772,826.2915649,807.2681106
2007,806.7000046,800.9349061,769.1765052,727.3464966,714.9961811
2008,778.7333293,804.5233356,805.1955284,785.1253662,753.7871364
2009,778.7333293,782.8763495,677.0680613,669.2423096,699.4619169
2064,655.7500065,857.3120051,891.2257374,882.3453979,811.0152314
2065,1193.650009,891.5215578,1100.593665,1137.022949,932.5676378
2066,1193.650009,1008.01109,1222.044922,1202.259644,989.7989641
2067,1279.964286,1022.634409,1259.220149,1293.975098,1106.636447
2068,1279.964286,1161.911693,1256.52008,1303.579956,1198.198746
2069,1279.964286,1216.686941,1279.243008,1347.518921,1220.101111
2070,1172.26001,1190.946377,1274.35288,1265.81665,1209.159382
2071,1279.964286,1152.029351,1287.041492,1298.819702,1241.716792
2072,1074.807702,1197.029561,1218.459631,1272.839722,1245.814557
2073,889.4400065,902.1222766,997.9623604,998.4810181,1036.031624
2074,765.5499954,860.352347,812.843895,725.446106,957.0266367
2075,765.5499954,950.45001,1001.401486,1017.871582,1019.394078
2076,765.5499954,912.472226,862.195535,891.9198608,948.9935373
2077,975.2454445,954.0783573,959.2561839,984.5717773,1050.29304
2078,778.7333293,1074.804642,912.0733454,930.3456421,835.3248398
2079,988.3799682,1114.980294,969.1169657,985.1751099,980.3358525
2080,988.3799682,916.4459342,1062.412726,1033.928589,927.2239007
2081,1019.790916,1050.70321,1029.391975,1017.69342,958.9606009
2082,885.3799927,1104.546505,963.8936962,980.8051147,986.838263
2083,885.3799927,998.6667465,994.9294029,971.2750854,930.4742161
2084,1019.790916,1021.492419,1015.14504,1025.914307,992.4860613
2085,1019.790916,1019.333507,996.3860548,1064.592529,994.8409839
2086,889.4400065,863.4939962,987.8360915,913.9304199,964.6398226
2087,916.9,709.4802379,847.3840487,880.7601929,902.3925077
2088,778.7333293,802.5823648,846.8708302,841.3347778,830.4082568
2141,546.5833333,873.5720634,810.5368088,770.5465698,644.5907695
2142,725.9785766,910.2488629,933.1444637,914.6622314,644.7592016
2143,902.6916707,905.9312895,892.1094912,860.8106689,653.2447587
2144,725.9785766,886.7677021,802.4457862,843.9834595,739.3361285
2145,1136.128558,1151.700054,1146.254901,1153.595093,976.6964253
2146,1216.629993,1240.934434,1286.919579,1324.623535,1039.320762
2147,1169.981823,1100.617098,1203.06212,1282.067871,1026.913523
2148,1169.981823,1078.764149,970.909987,1131.810913,885.9772191
2149,975.2454445,816.4624529,685.7762504,784.0632935,785.2030928
2150,725.9785766,795.6024416,589.2488855,332.249054,727.4931927
2151,655.7500065,788.7140315,552.2044336,347.3033447,740.7073674
2154,725.9785766,817.9950285,783.0214678,782.0749512,609.2746281
2155,778.7333293,1015.837647,866.7879831,839.8214722,749.4216511
2156,978.1333415,1001.574719,926.5122557,994.0814819,871.5488612
2157,975.2454445,1089.102291,1025.124579,1029.719971,948.9385972
2158,975.2454445,1000.356998,1012.87718,973.5811157,957.0321685
2159,975.2454445,1026.130347,936.1242417,950.7234497,965.1555497
2160,1019.790916,911.1106174,998.6193996,993.6686401,1015.497679
2161,885.3799927,1019.65574,944.1615021,938.9805908,997.0491459
2162,778.7333293,884.5951354,851.4861746,821.7590942,905.1552922
2163,778.7333293,788.9611267,860.6302931,866.7419434,876.1883632
2164,778.7333293,811.0572787,822.6607691,872.8862915,791.9532684
2217,725.9785766,899.5002,890.8288585,893.3903809,684.3657877
2218,655.7500065,955.400036,902.2523937,936.1411133,713.7439358
2219,655.7500065,1045.681015,831.5563247,884.8182373,745.1344041
2220,655.7500065,933.8993305,818.2766856,730.5336914,788.2308016
2221,655.7500065,1150.228741,886.7162214,851.1809692,865.7998045
2222,1083.487495,1092.527003,1001.803268,978.4825439,851.3820868
2223,1085.249996,1129.936278,1069.976937,1056.820923,902.3059605
2224,1083.487495,1110.001926,1053.909659,1079.661255,922.1789675
2225,1138.544454,1077.556037,678.1920844,693.2407227,794.4576693
2226,546.5833333,837.491593,527.7690143,435.0368652,615.7932055
2227,546.5833333,782.8415496,467.7301926,476.5393677,478.982179
2230,778.7333293,767.6997787,809.9199276,797.0809326,741.1127476
2231,778.7333293,871.1331295,844.5630922,902.3152466,820.2893067
2232,975.2454445,1029.46908,1013.766051,1003.141113,968.0793878
2233,1019.790916,1071.354102,956.982499,974.6516724,1034.038758
2234,1019.790916,973.9868566,953.4251917,884.0894165,976.0476582
2235,1018.630011,852.3093758,868.1716432,812.8526611,905.5949179
2236,684.5999843,865.0773873,831.3418585,821.7053223,848.6246801
2237,975.2454445,984.6885339,837.1087187,773.8930664,804.171012
2238,725.9785766,806.9539191,790.8306966,694.4414063,664.6781703
2239,725.9785766,773.7579989,751.9525074,796.4233398,730.1853347
2240,778.7333293,818.7350174,766.244595,806.5431519,779.918334
2296,975.2454445,927.69334,1056.938873,1028.864014,884.6248287
2297,1083.487495,975.5467962,1028.083812,1028.816284,964.5891292
2298,975.2454445,1129.878445,983.0423135,1046.621338,983.6536428
2299,1169.981823,1127.965164,1096.794163,1092.300049,974.3619682
2300,1169.981823,1168.282737,981.9503683,1049.997803,1002.678371
2301,1169.981823,1172.645943,1079.605097,1043.780273,1004.872978
2302,1083.487495,1170.399738,1161.348551,1183.337891,1031.756891
2303,1083.487495,1187.842625,1133.939841,1163.126221,1070.166969
2304,1083.487495,1227.909055,1106.758482,1104.342651,1090.938212
2305,806.7699951,1236.933476,736.3316709,790.9506836,811.0080343
2306,655.7500065,768.1748855,623.2017567,632.8045654,650.0040226
2307,655.7500065,825.747731,556.9964341,563.5706177,683.8421459
2308,655.7500065,832.6079928,584.0792373,612.9116211,661.2487985
2309,655.7500065,716.6898241,670.4302173,708.5308228,702.6924891
2310,725.9785766,848.9026456,859.6742917,806.9153442,800.5256756
2311,978.1333415,938.107669,932.0679021,940.3479004,946.7339335
2312,1019.790916,1092.471558,1087.215135,1130.990234,1085.818136
2313,1019.790916,1116.313465,984.9609439,1018.850769,1143.454565
2314,1019.790916,1025.918527,981.3395718,1012.23053,1054.35398
2315,1019.790916,894.9807181,958.994081,927.9439697,980.7115993
2316,1019.790916,891.8772192,868.2614127,917.1312866,926.7488008
2317,1019.790916,875.800068,822.7414061,874.9536133,875.4897884
2318,975.2454445,793.199981,838.8176346,788.0219116,748.2569027
2319,655.7500065,677.6654125,518.1588648,478.8390808,648.0681937
2320,725.9785766,690.2740382,646.7501125,652.3943481,751.840493
2376,1279.964286,1055.138564,1130.069639,1136.878296,974.7318063
2377,1083.487495,1112.314011,1195.607201,1152.930542,1041.655663
2378,1085.249996,1161.401218,1093.369008,1116.224121,1034.174666
2379,1169.981823,1160.74586,1083.487815,1131.980469,1033.783624
2380,991.9428623,1179.334204,1144.083475,1155.202637,1079.828307
2381,1193.650009,1218.74194,1114.980532,1156.337891,1113.679753
2382,1074.807702,1216.403463,1217.063016,1197.174805,1121.905563
2383,1279.964286,1204.341568,1185.404171,1188.153931,1151.761028
2384,1181.75715,1191.600371,1185.42289,1164.05835,1109.60456
2385,1169.981823,1234.878306,1041.013258,1109.519409,1072.252755
2386,1083.487495,1156.09982,1003.832353,1013.701904,939.7652211
2387,765.5499954,1100.684295,921.5798447,882.4788208,880.8166542
2388,725.9785766,892.94605,807.2372711,805.3027344,821.5282525
2389,725.9785766,702.5158888,649.9718687,569.1796875,645.772793
2390,725.9785766,755.2211031,851.4300001,778.6324463,785.1640895
2391,1279.964286,996.6485993,1057.223773,1044.07251,1048.014465
2392,1020.327287,1088.985735,1121.56618,1125.755127,1176.417571
2393,1019.790916,1069.959215,1073.584919,1111.403687,1132.279843
2394,1074.807702,1033.481635,1067.377481,1083.44519,1077.332219
2395,1019.790916,989.3998215,932.6142049,978.7652588,1001.985199
2396,1019.790916,1023.104839,954.0768689,1003.835999,1006.581323
2397,885.3799927,929.5768342,897.8424793,863.2793579,918.1697423
2398,988.3799682,973.9779239,878.6006838,849.6462402,823.0270773
2399,655.7500065,721.3034104,609.3464583,501.3122864,705.6373826
2400,655.7500065,575.798868,548.3942109,524.9578857,581.9995682
2453,1136.128558,1063.842451,1156.441095,1179.238159,1013.161574
2454,991.9428623,1077.362507,1046.288552,1055.710815,1055.331739
2455,991.9428623,1074.023798,1107.161978,1099.860962,1026.169935
2456,1136.128558,1188.405661,1149.431032,1157.946289,1098.348702
2457,1018.630011,1185.163514,1174.372441,1125.983276,1103.717001
2458,991.9428623,1149.900012,1155.096576,1146.216309,1078.054604
2459,1181.75715,1198.827556,1177.673773,1168.737061,1109.979927
2460,1181.75715,1196.619165,1171.897314,1209.891113,1178.152242
2461,1202.029993,1205.050498,1166.223488,1202.233643,1126.468011
2462,1181.75715,1214.409244,1189.201663,1206.987183,1138.836758
2463,1085.249996,1165.855571,1133.248025,1167.827515,1056.799304
2464,1083.487495,1146.050697,1007.439177,1013.788025,953.226205
2465,978.1333415,1054.590523,935.2605114,951.1499634,936.1730384
2466,725.9785766,872.8589723,831.9976053,821.6317139,831.1692374
2467,725.9785766,869.500351,860.9974096,866.0288086,886.2278418
2468,1279.964286,963.8336194,1149.357713,1193.983398,1066.970424
2469,1020.327287,1083.099921,1152.949663,1114.45105,1163.749428
2470,1020.327287,1103.793125,1116.42755,1106.056885,1141.174367
2471,1074.807702,1116.56707,1091.141088,1168.199951,1097.885914
2472,1074.807702,1090.091268,1168.647722,1211.92749,1151.465282
2473,1074.807702,1090.782612,1094.627837,1181.255249,1157.152837
2474,988.3799682,1106.667771,954.7590871,1063.755981,1014.530667
2475,988.3799682,889.5610911,863.4496741,879.4255981,784.1888031
2476,725.9785766,630.714244,569.0447933,557.3018799,706.3695687
2477,655.7500065,641.3002539,548.3942109,596.4284668,631.8954332
2528,991.9428623,1094.678146,1192.099299,1119.281006,1118.484024
2529,1136.128558,1113.755588,1143.883616,1153.999634,1082.312658
2530,1136.128558,1101.280771,1149.797729,1171.028198,1123.861111
2531,1181.75715,1190.756532,1193.214308,1180.516968,1174.32365
2532,1242.5,1200.501361,1174.84763,1160.182617,1132.589339
2533,1181.75715,1111.821058,1150.949319,1158.627319,1102.186077
2534,1181.75715,1117.175656,1153.437435,1146.509155,1128.375982
2535,1181.75715,1198.753371,1176.544795,1188.748779,1124.504901
2536,1181.75715,1270.042971,1178.893849,1152.126099,1156.856141
2537,1181.75715,1168.499968,1156.07059,1150.908081,1080.453688
2538,1172.26001,1161.305179,1167.389802,1157.064697,1089.11532
2539,1279.964286,1106.667525,1192.789106,1226.597778,1073.019833
2540,978.1333415,997.7308466,941.9150091,969.8743286,947.0559992
2541,1172.26001,1112.264613,938.9453169,947.5383301,1051.512337
2542,1172.26001,1073.989707,1117.945801,1199.209595,1104.661343
2543,1099.416667,1128.292224,1168.735343,1159.654419,1147.963883
2544,1216.629993,1110.260449,1181.572903,1219.617065,1199.896695
2545,1216.629993,1165.072072,1219.755401,1171.398682,1204.330288
2546,1099.416667,1098.087807,1102.443869,1109.956909,1162.194813
2547,1099.416667,1073.207738,1123.043844,1092.797852,1168.310997
2548,991.9428623,1134.961773,1172.422544,1149.366699,1147.001821
2549,1193.650009,1036.953718,1064.775465,1204.078613,1065.236671
2550,889.4400065,888.4148353,793.4569332,884.6962891,864.3811789
2602,1136.128558,1137.499786,1155.869001,1155.677124,1123.287301
2603,1169.981823,1096.137259,1201.707354,1149.080322,1098.999755
2604,1113.319995,1086.585396,1188.557765,1156.019897,1134.237278
2605,1181.75715,1201.286135,1172.403603,1192.730713,1189.146144
2606,1242.5,1199.22906,1170.395094,1197.925781,1142.924764
2607,1202.029993,1111.959665,1168.98271,1175.201172,1122.930821
2608,1181.75715,1165.818783,1119.075836,1153.028931,1119.140068
2609,1242.5,1195.894941,1193.93922,1216.185425,1112.433921
2610,1242.5,1190.719607,1216.427728,1218.42749,1121.847683
2611,1181.75715,1205.251482,1205.411576,1200.952393,1134.437212
2612,1202.029993,1153.718465,1197.12735,1221.686157,1145.210464
2613,1169.981823,1098.772087,1203.10578,1200.847168,1110.125391
2614,1169.981823,1049.360368,994.4995731,1055.415405,1002.817692
2615,1172.26001,1133.021391,1034.529492,1066.373291,1098.160757
2616,1020.327287,1122.141659,1182.536318,1210.416382,1171.767412
2617,1020.327287,1063.883038,1084.001453,1028.805786,1109.170289
2618,1074.807702,1105.902277,1123.36455,1109.711182,1209.952374
2619,1074.807702,1110.948183,1157.083374,1141.169189,1198.712196
2620,1099.416667,1109.491802,1140.235599,1143.444946,1192.394913
2621,1099.416667,1030.265197,1094.805736,1084.859619,1164.430602
2622,1242.5,1168.967545,1152.093077,1216.228149,1264.503382
2623,1172.26001,1128.734152,1202.612138,1390.17334,1234.391673
2624,1018.630011,1205.399077,947.4411359,1176.832153,1016.570599
2673,1136.128558,1129.069374,1160.643662,1173.587891,1092.568004
2674,1181.75715,1122.872615,1164.401438,1167.310669,1139.458158
2675,1202.029993,1174.861486,1215.427475,1190.015625,1171.241147
2676,1181.75715,1164.902231,1181.304222,1185.678589,1127.779202
2677,1202.029993,1146.972493,1159.578616,1188.17749,1135.226382
2678,1202.029993,1158.660238,1151.090895,1172.28772,1157.221572
2679,1202.029993,1219.499467,1161.71151,1206.869629,1157.627882
2680,1202.029993,1158.989174,1184.026539,1204.052246,1115.193377
2681,1181.75715,1224.088464,1165.879357,1179.435425,1139.898783
2682,1181.75715,1203.227944,1213.887774,1228.288086,1141.858539
2683,1242.5,1178.008477,1192.614135,1233.454468,1176.926142
2684,1279.964286,1207.068682,1235.790461,1208.143311,1176.874346
2685,1279.964286,1250.700246,1240.699743,1228.324585,1200.941825
2686,1074.807702,1084.843015,1140.552804,1157.291016,1168.461041
2687,991.9428623,967.1050695,1012.063221,979.0820923,1096.484277
2688,844.1499939,966.1907531,878.7383955,893.3467407,1055.026717
2689,844.1499939,1014.895963,1012.116458,991.4373779,1131.550574
2690,1074.807702,992.805378,1137.294908,1108.80957,1164.682811
2691,1074.807702,951.6633272,1064.717421,1047.165649,1113.724061
2692,1099.416667,1125.172001,1078.840738,1030.596191,1223.115608
2693,1018.630011,1210.59524,1087.901011,1107.958374,1240.042983
2741,1202.029993,1056.109227,1196.432994,1247.040283,1085.68256
2742,1113.319995,1109.985045,1136.725013,1157.916992,1183.980301
2743,1162.291677,1074.173204,1150.3354,1140.454224,1122.875808
2744,1162.291677,1079.618491,1140.973138,1131.03186,1121.640939
2745,1202.029993,1160.936496,1151.3981,1196.852173,1167.218182
2746,1181.75715,1192.773316,1184.822194,1206.131958,1155.367798
2747,1202.029993,1154.489243,1194.674001,1197.442505,1178.883148
2748,1181.75715,1116.903049,1172.463688,1182.628296,1114.357116
2749,1181.75715,1183.554812,1184.908714,1162.720093,1129.944831
2750,1216.629993,1209.863204,1195.832364,1205.45166,1176.422261
2751,1216.629993,1226.015644,1220.241319,1231.122437,1204.163398
2752,1216.629993,1237.439522,1196.259883,1197.755127,1217.40484
2753,1216.629993,1165.789064,1195.472364,1244.525024,1243.948027
2754,1074.807702,1036.762194,1152.085778,1190.824829,1187.988889
2755,1074.807702,944.1000173,1085.525096,1122.76709,1097.066325
2756,844.1499939,1024.62049,887.6149891,891.6954956,1094.861366
2757,844.1499939,955.8890819,958.0977246,940.1312866,1066.278002
2758,1074.807702,923.7854171,945.9682819,976.8847656,1102.04481
2759,1018.630011,888.7881586,1024.508217,1005.641724,1077.783444
2760,1020.327287,954.0155639,953.4686989,888.6094971,1077.957327
2761,1018.630011,1162.58775,941.8270026,1043.948853,1073.649632
2804,1242.5,1043.679356,1218.33515,1308.069336,1155.767434
2805,1113.319995,1041.19814,1136.764243,1144.940186,1125.484129
2806,1162.291677,1009.846575,1176.140761,1151.020386,1144.864089
2807,1202.029993,1201.799427,1178.365335,1206.706909,1219.520541
2808,1181.75715,1115.233063,1176.37776,1180.149414,1163.825942
2809,1202.029993,1129.887715,1189.088521,1172.638062,1198.062247
2810,1162.291677,1093.538369,1183.946285,1157.817871,1149.400253
2811,1216.629993,1126.500695,1214.373507,1209.026855,1125.040013
2812,1242.5,1236.662954,1210.775086,1242.918213,1206.00669
2813,1216.629993,1223.06991,1206.895188,1198.0354,1177.142938
2814,1074.807702,1173.012795,1184.597467,1191.140137,1179.315703
2815,1242.5,1052.249517,1220.147846,1242.939819,1259.355341
2816,1099.416667,1093.53544,1164.673769,1146.569092,1215.644092
2817,1099.416667,1062.189339,1131.364197,1093.921265,1164.809053
2818,1020.327287,1010.290837,952.1844308,883.9854736,1095.83939
2819,1020.327287,1015.806132,931.6913368,893.8193359,1123.848954
2820,1074.807702,855.2420794,957.5281909,983.3969727,1076.816371
2821,1074.807702,934.1678079,1033.144333,990.1627808,1117.213018
2822,844.1499939,984.1326174,932.6552203,946.6818237,1087.464074
2861,1202.029993,1161.68588,1183.85131,1300.584839,1219.334362
2862,1113.319995,1126.748317,1109.629145,1084.34375,1193.721837
2863,1038.837502,1121.939675,1145.291105,1176.103394,1199.362672
2864,1162.291677,1014.738174,1114.689879,1138.344849,1168.569822
2865,1038.837502,1032.193497,1148.05099,1160.151611,1230.004487
2866,1162.291677,1076.445545,1187.759107,1153.447388,1173.579101
2867,1162.291677,1032.624209,1200.696962,1179.278931,1120.467485
2868,1216.629993,1084.88599,1169.073389,1156.483643,1152.637253
2869,1216.629993,1191.953671,1181.872272,1180.157715,1224.030235
2870,1216.629993,1213.791997,1192.202145,1201.612183,1257.222881
2871,1074.807702,1119.885325,1146.773377,1139.766602,1265.875364
2872,1216.629993,1099.199443,1118.937899,1107.260376,1204.75761
2873,1018.630011,1030.671685,963.5401324,987.010437,1121.583211
2874,1018.630011,971.5971627,943.2935539,870.4526367,1097.725436
2875,1018.630011,907.3208338,965.1522824,930.1606445,1084.795992
2876,1018.630011,945.7399907,873.7231681,893.5809326,1074.37041
2877,844.1499939,980.089224,775.5302193,827.9295044,942.8240476
2914,1038.837502,1088.006602,1132.503962,1139.28186,1192.458092
2915,1038.837502,1049.859985,1062.476495,1138.668213,1183.750095
2916,1162.291677,992.4051866,1147.561841,1144.206177,1149.441835
2917,1162.291677,948.6630551,1168.982733,1157.752808,1143.673272
2918,1099.416667,1009.363677,1149.941352,1168.744141,1145.041931
2919,1110.787491,928.4914636,1121.918553,1133.753662,1154.32769
2920,1110.787491,1048.266449,1113.73346,1136.371826,1210.579555
2921,1110.787491,1112.734242,1146.40305,1130.200562,1264.287486
2922,1074.807702,989.0917987,1113.919648,1151.543579,1219.522153
2923,1110.787491,1007.610754,1132.388449,1159.278809,1233.083016
2924,1110.787491,961.4769939,1020.198154,1117.641602,1158.102389
2925,1169.981823,956.0816023,944.7534153,944.4268188,1062.548515
2926,991.9428623,1082.748328,830.0385671,765.84375,1013.254713
2956,917.3600016,984.6875097,1039.614795,969.1398315,1064.075782
2957,917.3600016,957.2755619,982.6908855,966.5482788,1039.828992
2958,1162.291677,1007.728143,1149.445938,1142.623657,1123.498693
2959,1162.291677,983.3040221,1165.90635,1158.37085,1152.263741
2960,1162.291677,1023.467592,1102.126206,1133.817017,1139.239781
2961,1110.787491,980.7145457,1123.732981,1111.186768,1145.669009
2962,1110.787491,982.1074686,1144.470267,1132.511719,1148.388591
2963,1162.291677,999.234966,1137.35916,1123.887085,1113.683263
2964,1038.837502,969.9993843,1037.419078,1002.354187,1194.216273
2965,1110.787491,1013.601332,1073.17316,1102.136597,1204.917872
2966,1018.630011,1124.451256,917.1214212,946.8696289,1090.495112
2989,1085.249996,963.8417377,1081.02426,1085.283081,1025.372648
2990,1162.291677,1048.250811,1072.3107,1112.050171,1107.895848
2991,1113.319995,1018.427836,1163.99954,1130.611572,1111.805768
2992,1162.291677,896.9708331,1072.979263,1124.308105,1045.716006
2993,1162.291677,856.0375262,1142.391022,1140.826294,1083.11842
